constructorStandingsId,raceId,constructorId,points,position,positionText,wins
26933,989,6,40,1,1,1
26934,989,131,22,2,2,0
26935,989,9,20,3,3,0
26936,989,1,12,4,4,0
26937,989,4,7,5,5,0
26938,989,10,0,6,6,0
26939,989,15,0,7,7,0
26940,989,3,0,8,8,0
26941,989,5,0,9,9,0
26942,989,210,0,10,10,0
26982,990,210,10,7,7,0
26979,990,15,2,8,8,0
26981,990,5,12,6,6,0
26980,990,3,0,10,10,0
26975,990,9,20,4,4,0
26976,990,1,22,3,3,0
26977,990,4,15,5,5,0
26978,990,10,1,9,9,0
26974,990,131,55,2,2,0
26973,990,6,65,1,1,2
26963,991,6,84,2,2,2
26964,991,131,85,1,1,0
26965,991,9,55,3,3,1
26966,991,1,28,4,4,0
26967,991,4,25,5,5,0
26968,991,10,1,9,9,0
26969,991,15,2,8,8,0
26970,991,3,0,10,10,0
26971,991,5,12,6,6,0
26972,991,210,11,7,7,0
26983,992,6,114,1,1,2
26984,992,131,110,2,2,1
26985,992,9,55,3,3,1
26986,992,1,36,4,4,0
26987,992,4,35,5,5,0
26988,992,10,16,6,6,0
26989,992,15,10,9,9,0
26990,992,3,4,10,10,0
26991,992,5,13,7,7,0
26992,992,210,11,8,8,0
26993,993,6,126,2,2,2
26994,993,131,153,1,1,2
26995,993,9,80,3,3,1
26996,993,1,40,5,5,0
26997,993,4,41,4,4,0
26998,993,10,18,7,7,0
26999,993,15,11,9,9,0
27000,993,3,4,10,10,0
27001,993,5,13,8,8,0
27002,993,210,19,6,6,0
27003,994,6,156,2,2,2
27004,994,131,178,1,1,2
27005,994,9,107,3,3,2
27006,994,1,40,5,5,0
27007,994,4,46,4,4,0
27008,994,10,26,6,6,0
27009,994,15,11,9,9,0
27010,994,3,4,10,10,0
27011,994,5,19,7,7,0
27012,994,210,19,8,8,0
27013,995,6,189,2,2,3
27014,995,131,206,1,1,2
27015,995,9,134,3,3,2
27016,995,1,40,5,5,0
27017,995,4,56,4,4,0
27018,995,10,28,6,6,0
27019,995,15,12,9,9,0
27020,995,3,4,10,10,0
27021,995,5,19,7,7,0
27022,995,210,19,8,8,0
27023,996,6,214,2,2,3
27024,996,131,237,1,1,3
27025,996,9,164,3,3,2
27026,996,1,40,5,5,0
27027,996,4,62,4,4,0
27028,996,10,28,6,6,0
27029,996,15,13,9,9,0
27030,996,3,4,10,10,0
27031,996,5,19,8,8,0
27032,996,210,27,7,7,0
27033,997,6,247,1,1,3
27034,997,131,237,2,2,3
27035,997,9,189,3,3,3
27036,997,1,44,6,6,0
27037,997,4,62,4,4,0
27038,997,10,42,7,7,0
27039,997,15,16,9,9,0
27040,997,3,4,10,10,0
27041,997,5,19,8,8,0
27042,997,210,49,5,5,0
27043,998,6,287,1,1,4
27044,998,131,267,2,2,3
27045,998,9,199,3,3,3
27046,998,1,48,7,7,0
27047,998,4,70,4,4,0
27048,998,10,49,6,6,0
27049,998,15,16,9,9,0
27050,998,3,4,10,10,0
27051,998,5,19,8,8,0
27052,998,210,51,5,5,0
27053,999,6,302,2,2,4
27054,999,131,310,1,1,4
27055,999,9,211,3,3,3
27056,999,1,48,7,7,0
27057,999,4,80,4,4,0
27058,999,10,59,5,5,0
27059,999,15,18,9,9,0
27060,999,3,4,10,10,0
27061,999,5,20,8,8,0
27062,999,210,59,6,6,0
27063,1000,6,335,2,2,4
27064,1000,131,345,1,1,5
27065,1000,9,223,3,3,3
27066,1000,1,52,7,7,0
27067,1000,4,82,4,4,0
27068,1000,10,59,6,6,0
27069,1000,15,18,9,9,0
27070,1000,3,4,10,10,0
27071,1000,5,28,8,8,0
27072,1000,210,66,5,5,0
27073,1001,6,360,2,2,5
27074,1001,131,375,1,1,5
27075,1001,9,238,3,3,3
27076,1001,1,52,6,6,0
27077,1001,4,82,4,4,0
27078,1001,10,18,9,9,0
27079,1001,15,19,8,8,0
27080,1001,3,4,10,10,0
27081,1001,5,30,7,7,0
27082,1001,210,76,5,5,0
27101,1002,5,30,8,8,0
27100,1002,3,7,10,10,0
27098,1002,10,32,7,7,0
27096,1002,1,52,6,6,0
27094,1002,131,415,1,1,6
27102,1002,210,76,5,5,0
27099,1002,15,19,9,9,0
27093,1002,6,390,2,2,5
27095,1002,9,248,3,3,3
27097,1002,4,86,4,4,0
27103,1003,6,415,2,2,5
27104,1003,131,452,1,1,7
27105,1003,9,274,3,3,3
27106,1003,1,58,6,6,0
27107,1003,4,91,4,4,0
27108,1003,10,32,7,7,0
27109,1003,15,21,9,9,0
27110,1003,3,7,10,10,0
27111,1003,5,30,8,8,0
27112,1003,210,76,5,5,0
27113,1004,6,442,2,2,5
27114,1004,131,495,1,1,8
27115,1004,9,292,3,3,3
27116,1004,1,58,6,6,0
27117,1004,4,91,4,4,0
27118,1004,10,35,7,7,0
27119,1004,15,27,9,9,0
27120,1004,3,7,10,10,0
27121,1004,5,30,8,8,0
27122,1004,210,80,5,5,0
27123,1005,6,460,2,2,5
27124,1005,131,538,1,1,9
27125,1005,9,319,3,3,3
27126,1005,1,58,6,6,0
27127,1005,4,92,4,4,0
27128,1005,10,43,7,7,0
27129,1005,15,27,9,9,0
27130,1005,3,7,10,10,0
27131,1005,5,30,8,8,0
27132,1005,210,84,5,5,0
27152,1006,210,84,5,5,0
27151,1006,5,32,8,8,0
27150,1006,3,7,10,10,0
27148,1006,10,47,7,7,0
27146,1006,1,58,6,6,0
27144,1006,131,563,1,1,9
27149,1006,15,28,9,9,0
27143,1006,6,497,2,2,6
27145,1006,9,337,3,3,3
27147,1006,4,106,4,4,0
27153,1007,6,530,2,2,6
27154,1007,131,585,1,1,9
27155,1007,9,362,3,3,4
27156,1007,1,62,6,6,0
27157,1007,4,114,4,4,0
27158,1007,10,47,7,7,0
27159,1007,15,36,8,8,0
27160,1007,3,7,10,10,0
27161,1007,5,33,9,9,0
27162,1007,210,84,5,5,0
27163,1008,6,553,2,2,6
27164,1008,131,620,1,1,10
27165,1008,9,392,3,3,4
27166,1008,1,62,6,6,0
27167,1008,4,114,4,4,0
27168,1008,10,48,7,7,0
27169,1008,15,42,8,8,0
27170,1008,3,7,10,10,0
27171,1008,5,33,9,9,0
27172,1008,210,90,5,5,0
27173,1009,6,571,2,2,6
27174,1009,131,655,1,1,11
27175,1009,9,419,3,3,4
27176,1009,1,62,6,6,0
27177,1009,4,122,4,4,0
27178,1009,10,52,7,7,0
27179,1009,15,48,8,8,0
27180,1009,3,7,10,10,0
27181,1009,5,33,9,9,0
27182,1009,210,93,5,5,0
27197,1010,4,6,5,5,0
27196,1010,210,8,4,4,0
27195,1010,6,22,2,2,0
27194,1010,9,15,3,3,0
27193,1010,131,44,1,1,1
27198,1010,51,4,6,6,0
27199,1010,211,2,7,7,0
27200,1010,5,1,8,8,0
27201,1010,1,0,9,9,0
27202,1010,3,0,10,10,0
27223,1012,131,130,1,1,3
27222,1011,3,0,10,10,0
27220,1011,5,3,8,8,0
27215,1011,6,48,2,2,0
27221,1011,1,8,5,5,0
27218,1011,51,10,4,4,0
27214,1011,9,31,3,3,0
27219,1011,211,3,9,9,0
27217,1011,4,6,7,7,0
27216,1011,210,8,6,6,0
27213,1011,131,87,1,1,2
27224,1012,9,52,3,3,0
27225,1012,6,73,2,2,0
27226,1012,210,8,6,6,0
27227,1012,4,12,4,4,0
27228,1012,51,12,5,5,0
27229,1012,211,7,8,8,0
27230,1012,5,4,9,9,0
27231,1012,1,8,7,7,0
27232,1012,3,0,10,10,0
27233,1013,131,173,1,1,4
27234,1013,9,64,3,3,0
27235,1013,6,99,2,2,0
27236,1013,210,8,8,8,0
27237,1013,4,12,7,7,0
27238,1013,51,13,6,6,0
27239,1013,211,17,5,5,0
27240,1013,5,4,9,9,0
27241,1013,1,18,4,4,0
27242,1013,3,0,10,10,0
27243,1014,131,217,1,1,5
27244,1014,9,87,3,3,0
27245,1014,6,121,2,2,0
27246,1014,210,15,6,6,0
27247,1014,4,12,8,8,0
27248,1014,51,13,7,7,0
27249,1014,211,17,5,5,0
27250,1014,5,6,9,9,0
27251,1014,1,22,4,4,0
27252,1014,3,0,10,10,0
27253,1015,131,257,1,1,6
27254,1015,9,110,3,3,0
27255,1015,6,139,2,2,0
27256,1015,210,16,6,6,0
27257,1015,4,14,8,8,0
27258,1015,51,13,9,9,0
27259,1015,211,17,5,5,0
27260,1015,5,16,7,7,0
27261,1015,1,30,4,4,0
27262,1015,3,0,10,10,0
27263,1016,131,295,1,1,7
27264,1016,9,124,3,3,0
27265,1016,6,172,2,2,0
27266,1016,210,16,8,8,0
27267,1016,4,28,5,5,0
27268,1016,51,13,9,9,0
27269,1016,211,19,6,6,0
27270,1016,5,17,7,7,0
27271,1016,1,30,4,4,0
27272,1016,3,0,10,10,0
27302,1017,3,0,10,10,0
27300,1017,5,17,8,8,0
27304,1018,9,169,3,3,1
27303,1018,131,363,1,1,8
27301,1017,1,40,4,4,0
27299,1017,211,19,6,6,0
27297,1017,4,32,5,5,0
27298,1017,51,19,7,7,0
27296,1017,210,16,9,9,0
27295,1017,6,198,2,2,0
27294,1017,9,137,3,3,0
27293,1017,131,338,1,1,8
27305,1018,6,228,2,2,0
27306,1018,210,16,9,9,0
27307,1018,4,32,5,5,0
27308,1018,51,22,6,6,0
27309,1018,211,19,7,7,0
27310,1018,5,17,8,8,0
27311,1018,1,52,4,4,0
27312,1018,3,0,10,10,0
27313,1019,131,407,1,1,9
27314,1019,9,191,3,3,1
27315,1019,6,243,2,2,0
27316,1019,210,16,9,9,0
27317,1019,4,39,5,5,0
27318,1019,51,26,6,6,0
27319,1019,211,19,7,7,0
27320,1019,5,19,8,8,0
27321,1019,1,60,4,4,0
27322,1019,3,0,10,10,0
27341,1020,1,70,4,4,0
27340,1020,5,42,5,5,0
27338,1020,51,26,9,9,0
27336,1020,210,26,8,8,0
27335,1020,6,261,2,2,0
27342,1020,3,1,10,10,0
27334,1020,9,217,3,3,2
27339,1020,211,31,7,7,0
27337,1020,4,39,6,6,0
27333,1020,131,409,1,1,9
27343,1021,131,438,1,1,10
27344,1021,9,244,3,3,2
27345,1021,6,288,2,2,0
27346,1021,210,26,9,9,0
27347,1021,4,39,6,6,0
27348,1021,51,32,7,7,0
27349,1021,211,31,8,8,0
27350,1021,5,43,5,5,0
27351,1021,1,82,4,4,0
27352,1021,3,1,10,10,0
27353,1022,131,471,1,1,10
27354,1022,9,254,3,3,2
27355,1022,6,326,2,2,1
27356,1022,210,26,9,9,0
27357,1022,4,43,6,6,0
27358,1022,51,32,8,8,0
27359,1022,211,40,7,7,0
27360,1022,5,51,5,5,0
27361,1022,1,82,4,4,0
27362,1022,3,1,10,10,0
27363,1023,131,505,1,1,10
27364,1023,9,266,3,3,2
27365,1023,6,351,2,2,2
27366,1023,210,26,9,9,0
27367,1023,4,65,5,5,0
27368,1023,51,34,8,8,0
27369,1023,211,46,7,7,0
27370,1023,5,51,6,6,0
27371,1023,1,83,4,4,0
27372,1023,3,1,10,10,0
27373,1024,131,527,1,1,10
27374,1024,9,289,3,3,2
27375,1024,6,394,2,2,3
27376,1024,210,26,9,9,0
27377,1024,4,67,5,5,0
27378,1024,51,35,8,8,0
27379,1024,211,46,7,7,0
27380,1024,5,55,6,6,0
27381,1024,1,89,4,4,0
27382,1024,3,1,10,10,0
27383,1025,131,571,1,1,11
27384,1025,9,311,3,3,2
27385,1025,6,409,2,2,3
27386,1025,210,28,9,9,0
27387,1025,4,68,5,5,0
27388,1025,51,35,8,8,0
27389,1025,211,52,7,7,0
27390,1025,5,55,6,6,0
27391,1025,1,101,4,4,0
27392,1025,3,1,10,10,0
27422,1026,3,1,10,10,0
27421,1026,1,111,4,4,0
27420,1026,5,62,6,6,0
27419,1026,211,58,7,7,0
27418,1026,51,35,8,8,0
27415,1026,6,435,2,2,3
27414,1026,9,323,3,3,2
27416,1026,210,28,9,9,0
27417,1026,4,68,5,5,0
27413,1026,131,612,1,1,12
27432,1027,3,1,10,10,0
27431,1027,1,111,4,4,0
27430,1027,5,64,6,6,0
27429,1027,211,64,7,7,0
27428,1027,51,35,8,8,0
27425,1027,6,466,2,2,3
27424,1027,9,341,3,3,2
27426,1027,210,28,9,9,0
27427,1027,4,73,5,5,0
27423,1027,131,652,1,1,13
27433,1028,131,695,1,1,14
27434,1028,9,366,3,3,2
27435,1028,6,479,2,2,3
27436,1028,210,28,9,9,0
27437,1028,4,83,5,5,0
27438,1028,51,35,8,8,0
27439,1028,211,65,6,6,0
27440,1028,5,64,7,7,0
27441,1028,1,121,4,4,0
27442,1028,3,1,10,10,0
27443,1029,131,701,1,1,14
27444,1029,9,391,3,3,3
27445,1029,6,479,2,2,3
27446,1029,210,28,9,9,0
27447,1029,4,91,5,5,0
27448,1029,51,57,8,8,0
27449,1029,211,67,7,7,0
27450,1029,5,83,6,6,0
27451,1029,1,140,4,4,0
27452,1029,3,1,10,10,0
27453,1030,131,739,1,1,15
27454,1030,9,417,3,3,3
27455,1030,6,504,2,2,3
27456,1030,210,28,9,9,0
27457,1030,4,91,5,5,0
27458,1030,51,57,8,8,0
27459,1030,211,73,7,7,0
27460,1030,5,85,6,6,0
27461,1030,1,145,4,4,0
27462,1030,3,1,10,10,0
27522,1034,210,1,9,9,0
27521,1034,9,78,2,2,0
27520,1034,3,0,10,10,0
27519,1034,51,2,8,8,0
27518,1034,4,32,6,6,0
27517,1034,213,13,7,7,0
27516,1034,211,42,5,5,0
27515,1034,1,51,3,3,0
27514,1034,6,43,4,4,0
27513,1034,131,146,1,1,4
27583,1040,131,366,1,1,8
27582,1031,210,0,10,10,0
27581,1031,9,0,9,9,0
27580,1031,3,0,8,8,0
27579,1031,51,2,7,7,0
27578,1031,4,4,6,6,0
27577,1031,213,6,5,5,0
27576,1031,211,8,4,4,0
27575,1031,1,26,2,2,0
27574,1031,6,19,3,3,0
27573,1031,131,37,1,1,1
27483,1032,131,80,1,1,2
27484,1032,6,19,5,5,0
27485,1032,1,39,2,2,0
27486,1032,211,22,4,4,0
27487,1032,213,7,7,7,0
27488,1032,4,8,6,6,0
27489,1032,51,2,8,8,0
27490,1032,3,0,9,9,0
27491,1032,9,27,3,3,0
27492,1032,210,0,10,10,0
27511,1033,9,55,2,2,0
27510,1033,3,0,10,10,0
27508,1033,4,12,6,6,0
27507,1033,213,7,7,7,0
27506,1033,211,40,4,4,0
27504,1033,6,27,5,5,0
27505,1033,1,41,3,3,0
27512,1033,210,1,9,9,0
27509,1033,51,2,8,8,0
27503,1033,131,121,1,1,3
27523,1035,131,180,1,1,4
27524,1035,6,55,3,3,0
27525,1035,1,53,4,4,0
27526,1035,211,41,5,5,0
27527,1035,213,14,7,7,0
27528,1035,4,36,6,6,0
27529,1035,51,2,8,8,0
27530,1035,3,0,10,10,0
27531,1035,9,113,2,2,1
27532,1035,210,1,9,9,0
27533,1036,131,221,1,1,5
27534,1036,6,61,5,5,0
27535,1036,1,62,4,4,0
27536,1036,211,63,3,3,0
27537,1036,213,16,7,7,0
27538,1036,4,36,6,6,0
27539,1036,51,2,8,8,0
27540,1036,3,0,10,10,0
27541,1036,9,135,2,2,1
27542,1036,210,1,9,9,0
27543,1037,131,264,1,1,6
27544,1037,6,61,5,5,0
27545,1037,1,68,3,3,0
27546,1037,211,66,4,4,0
27547,1037,213,20,7,7,0
27548,1037,4,59,6,6,0
27549,1037,51,2,8,8,0
27550,1037,3,0,10,10,0
27551,1037,9,158,2,2,1
27552,1037,210,1,9,9,0
27553,1038,131,281,1,1,6
27554,1038,6,61,6,6,0
27555,1038,1,98,3,3,0
27556,1038,211,82,4,4,0
27557,1038,213,47,7,7,1
27558,1038,4,71,5,5,0
27559,1038,51,2,8,8,0
27560,1038,3,0,10,10,0
27561,1038,9,158,2,2,1
27562,1038,210,1,9,9,0
27563,1039,131,325,1,1,7
27564,1039,6,66,6,6,0
27565,1039,1,106,3,3,0
27566,1039,211,92,4,4,0
27567,1039,213,53,7,7,1
27568,1039,4,83,5,5,0
27569,1039,51,4,8,8,0
27570,1039,3,0,10,10,0
27571,1039,9,173,2,2,1
27572,1039,210,1,9,9,0
27584,1040,6,74,6,6,0
27585,1040,1,106,3,3,0
27586,1040,211,104,4,4,0
27587,1040,213,59,7,7,1
27588,1040,4,99,5,5,0
27589,1040,51,4,8,8,0
27590,1040,3,0,10,10,0
27591,1040,9,192,2,2,1
27592,1040,210,1,9,9,0
27593,1041,131,391,1,1,9
27594,1041,6,80,6,6,0
27595,1041,1,116,4,4,0
27596,1041,211,120,3,3,0
27597,1041,213,67,7,7,1
27598,1041,4,114,5,5,0
27599,1041,51,5,8,8,0
27600,1041,3,0,10,10,0
27601,1041,9,211,2,2,1
27602,1041,210,3,9,9,0
27603,1042,131,435,1,1,10
27604,1042,6,93,6,6,0
27605,1042,1,124,4,4,0
27606,1042,211,126,3,3,0
27607,1042,213,77,7,7,1
27608,1042,4,120,5,5,0
27609,1042,51,5,8,8,0
27610,1042,3,0,10,10,0
27611,1042,9,226,2,2,1
27612,1042,210,3,9,9,0
27613,1043,131,479,1,1,11
27614,1043,6,103,6,6,0
27615,1043,1,134,4,4,0
27616,1043,211,134,5,5,0
27617,1043,213,89,7,7,1
27618,1043,4,135,3,3,0
27619,1043,51,8,8,8,0
27620,1043,3,0,10,10,0
27621,1043,9,226,2,2,1
27622,1043,210,3,9,9,0
27623,1044,131,504,1,1,12
27624,1044,6,130,6,6,0
27625,1044,1,149,4,4,0
27626,1044,211,154,3,3,0
27627,1044,213,89,7,7,1
27628,1044,4,136,5,5,0
27629,1044,51,8,8,8,0
27630,1044,3,0,10,10,0
27631,1044,9,240,2,2,1
27632,1044,210,3,9,9,0
27633,1045,131,533,1,1,13
27634,1045,6,131,6,6,0
27635,1045,1,171,3,3,0
27636,1045,211,154,4,4,0
27637,1045,213,97,7,7,1
27638,1045,4,144,5,5,0
27639,1045,51,8,8,8,0
27640,1045,3,0,10,10,0
27641,1045,9,274,2,2,1
27642,1045,210,3,9,9,0
27643,1046,131,540,1,1,13
27644,1046,6,131,6,6,0
27645,1046,1,184,4,4,0
27646,1046,211,194,3,3,1
27647,1046,213,103,7,7,1
27648,1046,4,172,5,5,0
27649,1046,51,8,8,8,0
27650,1046,3,0,10,10,0
27651,1046,9,282,2,2,1
27652,1046,210,3,9,9,0
27653,1047,131,573,1,1,13
27654,1047,6,131,6,6,0
27655,1047,1,202,3,3,0
27656,1047,211,195,4,4,1
27657,1047,213,107,7,7,1
27658,1047,4,181,5,5,0
27659,1047,51,8,8,8,0
27660,1047,3,0,10,10,0
27661,1047,9,319,2,2,2
27662,1047,210,3,9,9,0
27912,1051,210,0,10,10,0
27911,1051,3,23,8,8,0
27910,1051,214,137,5,5,1
27909,1051,51,11,9,9,0
27908,1051,117,77,7,7,0
27907,1051,213,112,6,6,0
27906,1051,6,297.5,3,3,0
27905,1051,1,258,4,4,1
27904,1051,9,541.5,2,2,10
27903,1051,131,546.5,1,1,8
27673,1052,131,41,1,1,1
27674,1052,9,28,2,2,0
27675,1052,1,18,3,3,0
27676,1052,6,12,4,4,0
27677,1052,213,2,5,5,0
27678,1052,117,1,6,6,0
27679,1052,51,0,7,7,0
27680,1052,214,0,8,8,0
27681,1052,3,0,9,9,0
27682,1052,210,0,10,10,0
27711,1053,3,0,9,9,0
27709,1053,51,0,8,8,0
27712,1053,210,0,10,10,0
27704,1053,9,53,2,2,1
27705,1053,1,41,3,3,0
27710,1053,214,3,7,7,0
27708,1053,117,5,6,6,0
27707,1053,213,8,5,5,0
27706,1053,6,34,4,4,0
27703,1053,131,60,1,1,1
27713,1054,131,101,1,1,2
27714,1054,9,83,2,2,1
27715,1054,1,53,3,3,0
27716,1054,6,42,4,4,0
27717,1054,213,9,6,6,0
27718,1054,117,5,7,7,0
27719,1054,51,0,8,8,0
27720,1054,214,13,5,5,0
27721,1054,3,0,9,9,0
27722,1054,210,0,10,10,0
27723,1055,131,141,1,1,3
27724,1055,9,112,2,2,1
27725,1055,1,65,3,3,0
27726,1055,6,60,4,4,0
27727,1055,213,10,6,6,0
27728,1055,117,5,7,7,0
27729,1055,51,0,8,8,0
27730,1055,214,15,5,5,0
27731,1055,3,0,9,9,0
27732,1055,210,0,10,10,0
27733,1056,131,148,2,2,3
27734,1056,9,149,1,1,2
27735,1056,1,80,3,3,0
27736,1056,6,78,4,4,0
27737,1056,213,18,6,6,0
27738,1056,117,19,5,5,0
27739,1056,51,1,8,8,0
27740,1056,214,17,7,7,0
27741,1056,3,0,9,9,0
27742,1056,210,0,10,10,0
27743,1057,131,148,2,2,3
27744,1057,9,174,1,1,3
27745,1057,1,92,4,4,0
27746,1057,6,94,3,3,0
27747,1057,213,39,5,5,0
27748,1057,117,37,6,6,0
27749,1057,51,2,8,8,0
27750,1057,214,25,7,7,0
27751,1057,3,0,10,10,0
27752,1057,210,0,9,9,0
27753,1059,131,178,2,2,3
27754,1059,9,215,1,1,4
27755,1059,1,110,3,3,0
27756,1059,6,94,4,4,0
27757,1059,213,45,5,5,0
27758,1059,117,40,6,6,0
27759,1059,51,2,8,8,0
27760,1059,214,29,7,7,0
27761,1059,3,0,9,9,0
27762,1059,210,0,10,10,0
27763,1058,131,212,2,2,3
27764,1058,9,252,1,1,5
27765,1058,1,120,3,3,0
27766,1058,6,108,4,4,0
27767,1058,213,46,5,5,0
27768,1058,117,44,6,6,0
27769,1058,51,2,8,8,0
27770,1058,214,31,7,7,0
27771,1058,3,0,9,9,0
27772,1058,210,0,10,10,0
27792,1060,210,0,10,10,0
27787,1060,213,48,5,5,0
27786,1060,6,122,4,4,0
27791,1060,3,0,9,9,0
27790,1060,214,32,7,7,0
27789,1060,51,2,8,8,0
27788,1060,117,44,6,6,0
27785,1060,1,141,3,3,0
27784,1060,9,286,1,1,6
27783,1060,131,242,2,2,3
27793,1061,131,285,2,2,4
27794,1061,9,289,1,1,6
27795,1061,1,163,3,3,0
27796,1061,6,148,4,4,0
27797,1061,213,49,5,5,0
27798,1061,117,48,6,6,0
27799,1061,51,2,8,8,0
27800,1061,214,40,7,7,0
27801,1061,3,0,9,9,0
27802,1061,210,0,10,10,0
27820,1062,214,77,5,5,1
27819,1062,51,3,9,9,0
27818,1062,117,48,7,7,0
27817,1062,213,68,6,6,0
27815,1062,1,163,4,4,0
27822,1062,210,0,10,10,0
27821,1062,3,10,8,8,0
27816,1062,6,163,3,3,0
27814,1062,9,291,2,2,6
27813,1062,131,303,1,1,4
27823,1063,131,310.5,1,1,4
27824,1063,9,303.5,2,2,7
27825,1063,1,169,3,3,0
27826,1063,6,165.5,4,4,0
27827,1063,213,72,6,6,0
27828,1063,117,53,7,7,0
27829,1063,51,3,9,9,0
27830,1063,214,80,5,5,1
27831,1063,3,20,8,8,0
27832,1063,210,0,10,10,0
27833,1064,131,344.5,1,1,4
27834,1064,9,332.5,2,2,8
27835,1064,1,170,4,4,0
27836,1064,6,181.5,3,3,0
27837,1064,213,84,6,6,0
27838,1064,117,53,7,7,0
27839,1064,51,3,9,9,0
27840,1064,214,90,5,5,1
27841,1064,3,20,8,8,0
27842,1064,210,0,10,10,0
27843,1065,131,362.5,1,1,4
27844,1065,9,344.5,2,2,8
27845,1065,1,215,3,3,1
27846,1065,6,201.5,4,4,0
27847,1065,213,84,6,6,0
27848,1065,117,59,7,7,0
27849,1065,51,3,9,9,0
27850,1065,214,95,5,5,1
27851,1065,3,22,8,8,0
27852,1065,210,0,10,10,0
27853,1066,131,397.5,1,1,5
27854,1066,9,364.5,2,2,8
27855,1066,1,234,3,3,1
27856,1066,6,216.5,4,4,0
27857,1066,213,84,6,6,0
27858,1066,117,59,7,7,0
27859,1066,51,7,9,9,0
27860,1066,214,103,5,5,1
27861,1066,3,23,8,8,0
27862,1066,210,0,10,10,0
27863,1067,131,433.5,1,1,6
27864,1067,9,397.5,2,2,8
27865,1067,1,240,3,3,1
27866,1067,6,232.5,4,4,0
27867,1067,213,92,6,6,0
27868,1067,117,61,7,7,0
27869,1067,51,7,9,9,0
27870,1067,214,104,5,5,1
27871,1067,3,23,8,8,0
27872,1067,210,0,10,10,0
27873,1069,131,460.5,1,1,6
27874,1069,9,437.5,2,2,9
27875,1069,1,254,3,3,1
27876,1069,6,250.5,4,4,0
27877,1069,213,94,6,6,0
27878,1069,117,62,7,7,0
27879,1069,51,7,9,9,0
27880,1069,214,104,5,5,1
27881,1069,3,23,8,8,0
27882,1069,210,0,10,10,0
27883,1070,131,478.5,1,1,6
27884,1070,9,477.5,2,2,10
27885,1070,1,255,4,4,1
27886,1070,6,268.5,3,3,0
27887,1070,213,106,6,6,0
27888,1070,117,68,7,7,0
27889,1070,51,11,9,9,0
27890,1070,214,106,5,5,1
27891,1070,3,23,8,8,0
27892,1070,210,0,10,10,0
27893,1071,131,521.5,1,1,7
27894,1071,9,510.5,2,2,10
27895,1071,1,256,4,4,1
27896,1071,6,287.5,3,3,0
27897,1071,213,112,6,6,0
27898,1071,117,68,7,7,0
27899,1071,51,11,9,9,0
27900,1071,214,112,5,5,1
27901,1071,3,23,8,8,0
27902,1071,210,0,10,10,0
27913,1072,131,587.5,1,1,9
27914,1072,9,559.5,2,2,10
27915,1072,1,269,4,4,1
27916,1072,6,307.5,3,3,0
27917,1072,213,120,6,6,0
27918,1072,117,77,7,7,0
27919,1072,51,13,9,9,0
27920,1072,214,149,5,5,1
27921,1072,3,23,8,8,0
27922,1072,210,0,10,10,0
27923,1073,131,613.5,1,1,9
27924,1073,9,585.5,2,2,11
27925,1073,1,275,4,4,1
27926,1073,6,323.5,3,3,0
27927,1073,213,142,6,6,0
27928,1073,117,77,7,7,0
27929,1073,51,13,9,9,0
27930,1073,214,155,5,5,1
27931,1073,3,23,8,8,0
27932,1073,210,0,10,10,0
28142,1074,9,0,10,10,0
28141,1074,1,0,9,9,0
28140,1074,3,0,8,8,0
28139,1074,117,0,7,7,0
28138,1074,213,4,6,6,0
28137,1074,214,8,5,5,0
28136,1074,51,9,4,4,0
28135,1074,210,10,3,3,0
28134,1074,131,27,2,2,0
28133,1074,6,44,1,1,1
28143,1075,6,78,1,1,1
28144,1075,131,38,2,2,0
28145,1075,210,12,5,5,0
28146,1075,51,9,6,6,0
28147,1075,214,16,4,4,0
28148,1075,213,8,7,7,0
28149,1075,117,0,9,9,0
28150,1075,3,0,10,10,0
28151,1075,1,6,8,8,0
28152,1075,9,37,3,3,1
28153,1076,6,104,1,1,2
28154,1076,131,65,2,2,0
28155,1076,210,12,7,7,0
28156,1076,51,13,6,6,0
28157,1076,214,22,5,5,0
28158,1076,213,10,8,8,0
28159,1076,117,0,10,10,0
28160,1076,3,1,9,9,0
28161,1076,1,24,4,4,0
28162,1076,9,55,3,3,1
28163,1077,6,124,1,1,2
28164,1077,131,77,3,3,0
28165,1077,210,15,8,8,0
28166,1077,51,25,5,5,0
28167,1077,214,22,6,6,0
28168,1077,213,16,7,7,0
28169,1077,117,5,9,9,0
28170,1077,3,1,10,10,0
28171,1077,1,46,4,4,0
28172,1077,9,113,2,2,2
28173,1078,6,157,1,1,2
28174,1078,131,95,3,3,0
28175,1078,210,15,8,8,0
28176,1078,51,31,5,5,0
28177,1078,214,26,6,6,0
28178,1078,213,16,7,7,0
28179,1078,117,6,9,9,0
28180,1078,3,3,10,10,0
28181,1078,1,46,4,4,0
28182,1078,9,151,2,2,3
28183,1079,6,169,2,2,2
28184,1079,131,120,3,3,0
28185,1079,210,15,8,8,0
28186,1079,51,39,5,5,0
28187,1079,214,34,6,6,0
28188,1079,213,17,7,7,0
28189,1079,117,6,9,9,0
28190,1079,3,3,10,10,0
28191,1079,1,50,4,4,0
28192,1079,9,195,1,1,4
28193,1080,6,199,2,2,2
28194,1080,131,134,3,3,0
28195,1080,210,15,8,8,0
28196,1080,51,41,5,5,0
28197,1080,214,40,6,6,0
28198,1080,213,17,7,7,0
28199,1080,117,7,9,9,0
28200,1080,3,3,10,10,0
28201,1080,1,59,4,4,0
28202,1080,9,235,1,1,5
28203,1081,6,199,2,2,2
28204,1081,131,161,3,3,0
28205,1081,210,15,8,8,0
28206,1081,51,41,6,6,0
28207,1081,214,47,5,5,0
28208,1081,213,27,7,7,0
28209,1081,117,15,9,9,0
28210,1081,3,3,10,10,0
28211,1081,1,65,4,4,0
28212,1081,9,279,1,1,6
28232,1082,9,304,1,1,7
28231,1082,1,65,4,4,0
28230,1082,3,3,10,10,0
28228,1082,213,27,7,7,0
28225,1082,210,15,9,9,0
28223,1082,6,228,2,2,2
28224,1082,131,188,3,3,0
28229,1082,117,16,8,8,0
28227,1082,214,57,5,5,0
28226,1082,51,51,6,6,0
28233,1083,6,265,2,2,3
28234,1083,131,204,3,3,0
28235,1083,210,20,8,8,0
28236,1083,51,51,6,6,0
28237,1083,214,67,5,5,0
28238,1083,213,27,7,7,0
28239,1083,117,18,9,9,0
28240,1083,3,3,10,10,0
28241,1083,1,73,4,4,0
28242,1083,9,328,1,1,7
28243,1084,6,303,2,2,4
28244,1084,131,237,3,3,0
28245,1084,210,34,7,7,0
28246,1084,51,51,6,6,0
28247,1084,214,81,5,5,0
28248,1084,213,27,8,8,0
28249,1084,117,18,9,9,0
28250,1084,3,3,10,10,0
28251,1084,1,81,4,4,0
28252,1084,9,359,1,1,7
28253,1085,6,314,2,2,4
28254,1085,131,270,3,3,0
28255,1085,210,34,7,7,0
28256,1085,51,51,6,6,0
28257,1085,214,93,4,4,0
28258,1085,213,27,8,8,0
28259,1085,117,19,9,9,0
28260,1085,3,3,10,10,0
28261,1085,1,89,5,5,0
28262,1085,9,396,1,1,8
28263,1086,6,334,2,2,4
28264,1086,131,304,3,3,0
28265,1086,210,34,7,7,0
28266,1086,51,51,6,6,0
28267,1086,214,99,4,4,0
28268,1086,213,27,8,8,0
28269,1086,117,20,9,9,0
28270,1086,3,3,10,10,0
28271,1086,1,95,5,5,0
28272,1086,9,431,1,1,9
28273,1087,6,357,2,2,4
28274,1087,131,316,3,3,0
28275,1087,210,34,7,7,0
28276,1087,51,51,6,6,0
28277,1087,214,115,4,4,0
28278,1087,213,29,8,8,0
28279,1087,117,24,9,9,0
28280,1087,3,4,10,10,0
28281,1087,1,95,5,5,0
28282,1087,9,475,1,1,10
28283,1088,6,376,2,2,4
28284,1088,131,346,3,3,0
28285,1088,210,34,7,7,0
28286,1088,51,51,6,6,0
28287,1088,214,125,4,4,0
28288,1088,213,29,8,8,0
28289,1088,117,25,9,9,0
28290,1088,3,4,10,10,0
28291,1088,1,101,5,5,0
28292,1088,9,511,1,1,11
28293,1089,6,406,2,2,4
28294,1089,131,371,3,3,0
28295,1089,210,34,7,7,0
28296,1089,51,52,6,6,0
28297,1089,214,125,4,4,0
28298,1089,213,33,8,8,0
28299,1089,117,25,9,9,0
28300,1089,3,6,10,10,0
28301,1089,1,107,5,5,0
28302,1089,9,545,1,1,12
28303,1091,6,439,2,2,4
28304,1091,131,373,3,3,0
28305,1091,210,34,8,8,0
28306,1091,51,52,6,6,0
28307,1091,214,125,5,5,0
28308,1091,213,34,9,9,0
28309,1091,117,37,7,7,0
28310,1091,3,6,10,10,0
28311,1091,1,129,4,4,0
28312,1091,9,576,1,1,13
28332,1092,9,619,1,1,14
28331,1092,1,130,5,5,0
28328,1092,213,34,9,9,0
28325,1092,210,34,8,8,0
28323,1092,6,454,2,2,4
28330,1092,3,8,10,10,0
28324,1092,131,387,3,3,0
28327,1092,214,143,4,4,0
28329,1092,117,45,7,7,0
28326,1092,51,52,6,6,0
28370,1093,3,8,10,10,0
28371,1093,1,138,5,5,0
28367,1093,214,149,4,4,0
28363,1093,6,469,2,2,4
28369,1093,117,49,7,7,0
28368,1093,213,35,9,9,0
28366,1093,51,52,6,6,0
28365,1093,210,36,8,8,0
28364,1093,131,416,3,3,0
28382,1094,9,696,1,1,16
28381,1094,1,146,5,5,0
28378,1094,213,35,9,9,0
28375,1094,210,36,8,8,0
28373,1094,6,487,2,2,4
28380,1094,3,8,10,10,0
28374,1094,131,447,3,3,0
28377,1094,214,153,4,4,0
28379,1094,117,49,7,7,0
28376,1094,51,53,6,6,0
28372,1093,9,656,1,1,15
28383,1095,6,524,2,2,4
28384,1095,131,505,3,3,1
28385,1095,210,37,8,8,0
28386,1095,51,55,6,6,0
28387,1095,214,167,4,4,0
28388,1095,213,35,9,9,0
28389,1095,117,50,7,7,0
28390,1095,3,8,10,10,0
28391,1095,1,148,5,5,0
28392,1095,9,719,1,1,16
28393,1096,6,554,2,2,4
28394,1096,131,515,3,3,1
28395,1096,210,37,8,8,0
28396,1096,51,55,6,6,0
28397,1096,214,173,4,4,0
28398,1096,213,35,9,9,0
28399,1096,117,55,7,7,0
28400,1096,3,8,10,10,0
28401,1096,1,159,5,5,0
28402,1096,9,759,1,1,17
28492,1098,1,0,10,10,0
28491,1098,210,0,9,9,0
28490,1098,213,0,8,8,0
28489,1098,3,1,7,7,0
28488,1098,214,2,6,6,0
28487,1098,51,4,5,5,0
28486,1098,131,16,3,3,0
28485,1098,6,12,4,4,0
28484,1098,117,23,2,2,0
28483,1098,9,43,1,1,1
28444,1100,117,65,2,2,0
28443,1100,9,123,1,1,3
28442,1099,1,0,10,10,0
28440,1099,213,0,9,9,0
28439,1099,3,1,8,8,0
28437,1099,51,4,6,6,0
28435,1099,6,26,4,4,0
28441,1099,210,1,7,7,0
28438,1099,214,8,5,5,0
28434,1099,117,38,2,2,0
28436,1099,131,38,3,3,0
28433,1099,9,87,1,1,2
28445,1100,6,26,4,4,0
28446,1100,131,56,3,3,0
28447,1100,51,6,8,8,0
28448,1100,214,8,6,6,0
28449,1100,3,1,10,10,0
28450,1100,213,1,9,9,0
28451,1100,210,7,7,7,0
28452,1100,1,12,5,5,0
28453,1101,9,180,1,1,4
28454,1101,117,87,2,2,0
28455,1101,6,62,4,4,0
28456,1101,131,76,3,3,0
28457,1101,51,6,8,8,0
28458,1101,214,8,6,6,0
28459,1101,3,1,10,10,0
28460,1101,213,2,9,9,0
28461,1101,210,7,7,7,0
28462,1101,1,14,5,5,0
28463,1102,9,224,1,1,5
28464,1102,117,102,2,2,0
28465,1102,6,78,4,4,0
28466,1102,131,96,3,3,0
28467,1102,51,6,8,8,0
28468,1102,214,14,6,6,0
28469,1102,3,1,10,10,0
28470,1102,213,2,9,9,0
28471,1102,210,8,7,7,0
28472,1102,1,14,5,5,0
28473,1104,9,249,1,1,6
28474,1104,117,120,2,2,0
28475,1104,6,90,4,4,0
28476,1104,131,119,3,3,0
28477,1104,51,6,8,8,0
28478,1104,214,35,5,5,0
28479,1104,3,1,10,10,0
28480,1104,213,2,9,9,0
28481,1104,210,8,7,7,0
28482,1104,1,17,6,6,0
28493,1105,9,287,1,1,7
28494,1105,117,134,3,3,0
28495,1105,6,100,4,4,0
28496,1105,131,152,2,2,0
28497,1105,51,8,8,8,0
28498,1105,214,40,5,5,0
28499,1105,3,1,10,10,0
28500,1105,213,2,9,9,0
28501,1105,210,8,7,7,0
28502,1105,1,17,6,6,0
28522,1106,1,17,6,6,0
28521,1106,210,8,8,8,0
28520,1106,213,2,10,10,0
28519,1106,3,7,9,9,0
28518,1106,214,44,5,5,0
28517,1106,51,9,7,7,0
28516,1106,131,167,2,2,0
28515,1106,6,122,4,4,0
28514,1106,117,154,3,3,0
28513,1106,9,321,1,1,8
28541,1107,210,11,7,7,0
28539,1107,3,7,9,9,0
28535,1107,6,154,4,4,0
28534,1107,117,175,3,3,0
28540,1107,213,2,10,10,0
28542,1107,1,29,6,6,0
28538,1107,214,47,5,5,0
28533,1107,9,377,1,1,9
28537,1107,51,9,8,8,0
28536,1107,131,178,2,2,0
28543,1108,9,411,1,1,10
28544,1108,117,181,3,3,0
28545,1108,6,157,4,4,0
28546,1108,131,203,2,2,0
28547,1108,51,9,9,9,0
28548,1108,214,47,6,6,0
28549,1108,3,11,7,7,0
28550,1108,213,2,10,10,0
28551,1108,210,11,8,8,0
28552,1108,1,59,5,5,0
28553,1109,9,452,1,1,11
28554,1109,117,184,3,3,0
28555,1109,6,167,4,4,0
28556,1109,131,223,2,2,0
28557,1109,51,9,9,9,0
28558,1109,214,47,6,6,0
28559,1109,3,11,7,7,0
28560,1109,213,2,10,10,0
28561,1109,210,11,8,8,0
28562,1109,1,87,5,5,0
28563,1110,9,503,1,1,12
28564,1110,117,196,3,3,0
28565,1110,6,191,4,4,0
28566,1110,131,247,2,2,0
28567,1110,51,9,9,9,0
28568,1110,214,57,6,6,0
28569,1110,3,11,7,7,0
28570,1110,213,3,10,10,0
28571,1110,210,11,8,8,0
28572,1110,1,103,5,5,0
28573,1111,9,540,1,1,13
28574,1111,117,215,3,3,0
28575,1111,6,201,4,4,0
28576,1111,131,255,2,2,0
28577,1111,51,9,9,9,0
28578,1111,214,73,6,6,0
28579,1111,3,15,7,7,0
28580,1111,213,3,10,10,0
28581,1111,210,11,8,8,0
28582,1111,1,111,5,5,0
28583,1112,9,583,1,1,14
28584,1112,117,217,4,4,0
28585,1112,6,228,3,3,0
28586,1112,131,273,2,2,0
28587,1112,51,10,9,9,0
28588,1112,214,73,6,6,0
28589,1112,3,21,7,7,0
28590,1112,213,3,10,10,0
28591,1112,210,11,8,8,0
28592,1112,1,115,5,5,0
28593,1113,9,597,1,1,14
28594,1113,117,217,4,4,0
28595,1113,6,265,3,3,1
28596,1113,131,289,2,2,0
28597,1113,51,10,9,9,0
28598,1113,214,81,6,6,0
28599,1113,3,21,7,7,0
28600,1113,213,5,10,10,0
28601,1113,210,12,8,8,0
28602,1113,1,139,5,5,0
28603,1114,9,623,1,1,15
28604,1114,117,221,4,4,0
28605,1114,6,285,3,3,1
28606,1114,131,305,2,2,0
28607,1114,51,10,9,9,0
28608,1114,214,84,6,6,0
28609,1114,3,21,7,7,0
28610,1114,213,5,10,10,0
28611,1114,210,12,8,8,0
28612,1114,1,172,5,5,0
28660,1115,213,5,10,10,0
28658,1115,214,90,6,6,0
28662,1115,1,219,5,5,0
28661,1115,210,12,9,9,0
28659,1115,3,23,7,7,0
28657,1115,51,16,8,8,0
28656,1115,131,326,2,2,0
28655,1115,6,298,3,3,1
28654,1115,117,230,4,4,0
28653,1115,9,657,1,1,16
28671,1116,210,12,9,9,0
28669,1116,3,26,7,7,0
28665,1116,6,322,3,3,1
28672,1116,1,242,4,4,0
28670,1116,213,10,10,10,0
28668,1116,214,100,6,6,0
28667,1116,51,16,8,8,0
28666,1116,131,344,2,2,0
28664,1116,117,236,5,5,0
28663,1116,9,706,1,1,17
28673,1117,9,731,1,1,18
28674,1117,117,236,5,5,0
28675,1117,6,349,3,3,1
28676,1117,131,371,2,2,0
28677,1117,51,16,9,9,0
28678,1117,214,101,6,6,0
28679,1117,3,28,7,7,0
28680,1117,213,16,8,8,0
28681,1117,210,12,10,10,0
28682,1117,1,256,4,4,0
28683,1118,9,782,1,1,19
28684,1118,117,261,5,5,0
28685,1118,6,362,3,3,1
28686,1118,131,382,2,2,0
28687,1118,51,16,9,9,0
28688,1118,214,108,6,6,0
28689,1118,3,28,7,7,0
28690,1118,213,21,8,8,0
28691,1118,210,12,10,10,0
28692,1118,1,282,4,4,0
28693,1119,9,822,1,1,20
28694,1119,117,273,5,5,0
28695,1119,6,388,3,3,1
28696,1119,131,392,2,2,0
28697,1119,51,16,9,9,0
28698,1119,214,120,6,6,0
28699,1119,3,28,7,7,0
28700,1119,213,21,8,8,0
28701,1119,210,12,10,10,0
28702,1119,1,284,4,4,0
28703,1120,9,860,1,1,21
28704,1120,117,280,5,5,0
28705,1120,6,406,3,3,1
28706,1120,131,409,2,2,0
28707,1120,51,16,9,9,0
28708,1120,214,120,6,6,0
28709,1120,3,28,7,7,0
28710,1120,213,25,8,8,0
28711,1120,210,12,10,10,0
28712,1120,1,302,4,4,0
28713,1121,9,44,1,1,1
28714,1121,6,27,2,2,0
28715,1121,131,16,3,3,0
28716,1121,1,12,4,4,0
28717,1121,117,3,5,5,0
28718,1121,15,0,6,6,0
28719,1121,210,0,7,7,0
28720,1121,215,0,8,8,0
28721,1121,3,0,9,9,0
28722,1121,214,0,10,10,0
28723,1122,9,87,1,1,2
28724,1122,6,49,2,2,0
28725,1122,131,26,4,4,0
28726,1122,1,28,3,3,0
28727,1122,117,13,5,5,0
28728,1122,15,0,8,8,0
28729,1122,210,1,6,6,0
28730,1122,215,0,9,9,0
28731,1122,3,0,7,7,0
28732,1122,214,0,10,10,0
28752,1123,214,0,10,10,0
28750,1123,215,6,6,6,0
28748,1123,15,0,9,9,0
28747,1123,117,25,5,5,0
28746,1123,1,55,3,3,0
28745,1123,131,26,4,4,0
28751,1123,3,0,8,8,0
28749,1123,210,4,7,7,0
28744,1123,6,93,2,2,1
28743,1123,9,97,1,1,2
28753,1124,9,141,1,1,3
28754,1124,6,120,2,2,1
28755,1124,131,34,4,4,0
28756,1124,1,69,3,3,0
28757,1124,117,33,5,5,0
28758,1124,15,0,9,9,0
28759,1124,210,4,7,7,0
28760,1124,215,7,6,6,0
28761,1124,3,0,8,8,0
28762,1124,214,0,10,10,0
28784,1126,6,187,2,2,1
28783,1126,9,239,1,1,4
28782,1125,214,0,9,9,0
28780,1125,215,7,6,6,0
28779,1125,210,5,7,7,0
28778,1125,15,0,10,10,0
28777,1125,117,40,5,5,0
28774,1125,6,151,2,2,1
28781,1125,3,0,8,8,0
28776,1125,1,96,3,3,0
28775,1125,131,52,4,4,0
28773,1125,9,195,1,1,4
28785,1126,131,64,4,4,0
28786,1126,1,124,3,3,1
28787,1126,117,42,5,5,0
28788,1126,15,0,10,10,0
28789,1126,210,7,7,7,0
28790,1126,215,19,6,6,0
28791,1126,3,0,9,9,0
28792,1126,214,1,8,8,0
28793,1127,9,268,1,1,5
28794,1127,6,212,2,2,1
28795,1127,131,79,4,4,0
28796,1127,1,154,3,3,1
28797,1127,117,44,5,5,0
28798,1127,15,0,10,10,0
28799,1127,210,7,7,7,0
28800,1127,215,20,6,6,0
28801,1127,3,0,9,9,0
28802,1127,214,1,8,8,0
28803,1128,9,276,1,1,5
28804,1128,6,252,2,2,2
28805,1128,131,96,4,4,0
28806,1128,1,184,3,3,1
28807,1128,117,44,5,5,0
28808,1128,15,0,10,10,0
28809,1128,210,7,7,7,0
28810,1128,215,24,6,6,0
28811,1128,3,2,8,8,0
28812,1128,214,2,9,9,0
28813,1129,9,301,1,1,6
28814,1129,6,252,2,2,2
28815,1129,131,124,4,4,0
28816,1129,1,212,3,3,1
28817,1129,117,58,5,5,0
28818,1129,15,0,10,10,0
28819,1129,210,7,7,7,0
28820,1129,215,28,6,6,0
28821,1129,3,2,9,9,0
28822,1129,214,5,8,8,0
28823,1130,9,330,1,1,7
28824,1130,6,270,2,2,2
28825,1130,131,151,4,4,0
28826,1130,1,237,3,3,1
28827,1130,117,58,5,5,0
28828,1130,15,0,10,10,0
28829,1130,210,7,8,8,0
28830,1130,215,28,6,6,0
28831,1130,3,2,9,9,0
28832,1130,214,8,7,7,0
28833,1131,9,355,1,1,7
28834,1131,6,291,2,2,2
28835,1131,131,196,4,4,1
28836,1131,1,268,3,3,1
28837,1131,117,58,5,5,0
28838,1131,15,0,10,10,0
28839,1131,210,19,7,7,0
28840,1131,215,30,6,6,0
28841,1131,3,2,9,9,0
28842,1131,214,9,8,8,0
28843,1132,9,373,1,1,7
28844,1132,6,302,2,2,2
28845,1132,131,221,4,4,2
28846,1132,1,295,3,3,1
28847,1132,117,68,5,5,0
28848,1132,15,0,10,10,0
28849,1132,210,27,7,7,0
28850,1132,215,31,6,6,0
28851,1132,3,4,9,9,0
28852,1132,214,9,8,8,0
28853,1133,9,389,1,1,7
28854,1133,6,322,3,3,2
28855,1133,131,241,4,4,2
28856,1133,1,338,2,2,2
28857,1133,117,69,5,5,0
28858,1133,15,0,10,10,0
28859,1133,210,27,7,7,0
28860,1133,215,33,6,6,0
28861,1133,3,4,9,9,0
28862,1133,214,9,8,8,0
28882,1134,214,11,8,8,0
28880,1134,215,34,6,6,0
28879,1134,210,27,7,7,0
28878,1134,15,0,10,10,0
28877,1134,117,73,5,5,0
28875,1134,131,266,4,4,3
28874,1134,6,345,3,3,2
28881,1134,3,4,9,9,0
28876,1134,1,366,2,2,2
28873,1134,9,408,1,1,7
28883,1135,9,434,1,1,7
28884,1135,6,370,3,3,2
28885,1135,131,276,4,4,3
28886,1135,1,404,2,2,3
28887,1135,117,74,5,5,0
28888,1135,15,0,10,10,0
28889,1135,210,27,7,7,0
28890,1135,215,34,6,6,0
28891,1135,3,4,9,9,0
28892,1135,214,13,8,8,0
28893,1136,9,446,1,1,7
28894,1136,6,407,3,3,3
28895,1136,131,292,4,4,3
28896,1136,1,438,2,2,3
28897,1136,117,74,5,5,0
28898,1136,15,0,10,10,0
28899,1136,210,28,7,7,0
28900,1136,215,34,6,6,0
28901,1136,3,6,9,9,0
28902,1136,214,13,8,8,0
28903,1137,9,456,2,2,7
28904,1137,6,425,3,3,3
28905,1137,131,309,4,4,3
28906,1137,1,476,1,1,4
28907,1137,117,82,5,5,0
28908,1137,15,0,10,10,0
28909,1137,210,29,7,7,0
28910,1137,215,34,6,6,0
28911,1137,3,16,8,8,0
28912,1137,214,13,9,9,0
28913,1138,9,475,2,2,7
28914,1138,6,441,3,3,3
28915,1138,131,329,4,4,3
28916,1138,1,516,1,1,5
28917,1138,117,86,5,5,0
28918,1138,15,0,10,10,0
28919,1138,210,31,7,7,0
28920,1138,215,34,6,6,0
28921,1138,3,16,8,8,0
28922,1138,214,13,9,9,0
28923,1139,9,504,2,2,7
28924,1139,6,496,3,3,4
28925,1139,131,344,4,4,3
28926,1139,1,544,1,1,5
28927,1139,117,86,5,5,0
28928,1139,15,0,10,10,0
28929,1139,210,38,6,6,0
28930,1139,215,36,7,7,0
28931,1139,3,17,8,8,0
28932,1139,214,13,9,9,0
28933,1140,9,512,3,3,7
28934,1140,6,537,2,2,5
28935,1140,131,366,4,4,3
28936,1140,1,566,1,1,5
28937,1140,117,86,5,5,0
28938,1140,15,0,10,10,0
28939,1140,210,46,6,6,0
28940,1140,215,36,7,7,0
28941,1140,3,17,8,8,0
28942,1140,214,14,9,9,0
28943,1141,9,544,3,3,8
28944,1141,6,557,2,2,5
28945,1141,131,382,4,4,3
28946,1141,1,593,1,1,5
28947,1141,117,86,5,5,0
28948,1141,15,0,10,10,0
28949,1141,210,46,7,7,0
28950,1141,215,44,8,8,0
28951,1141,3,17,9,9,0
28952,1141,214,49,6,6,0
28953,1142,9,555,3,3,8
28954,1142,6,584,2,2,5
28955,1142,131,425,4,4,4
28956,1142,1,608,1,1,5
28957,1142,117,86,5,5,0
28958,1142,15,0,10,10,0
28959,1142,210,50,6,6,0
28960,1142,215,46,8,8,0
28961,1142,3,17,9,9,0
28962,1142,214,49,7,7,0
28963,1143,9,581,3,3,9
28964,1143,6,619,2,2,5
28965,1143,131,446,4,4,4
28966,1143,1,640,1,1,5
28967,1143,117,92,5,5,0
28968,1143,15,4,10,10,0
28969,1143,210,54,7,7,0
28970,1143,215,46,8,8,0
28971,1143,3,17,9,9,0
28972,1143,214,59,6,6,0
28973,1144,9,589,3,3,9
28974,1144,6,652,2,2,5
28975,1144,131,468,4,4,4
28976,1144,1,666,1,1,6
28977,1144,117,94,5,5,0
28978,1144,15,4,10,10,0
28979,1144,210,58,7,7,0
28980,1144,215,46,8,8,0
28981,1144,3,17,9,9,0
28982,1144,214,65,6,6,0
